{"cameraMode":{"drawMode":0,"name":"Shaded","section":"Shading Mode"},"sceneLighting":false,"audioPlay":false,"sceneViewState":{"showFog":true,"showMaterialUpdate":false,"showSkybox":false,"showFlares":true,"showImageEffects":true,"showParticleSystems":true},"in2DMode":false,"pivot":{"x":0.2669849395751953,"y":-0.385492742061615,"z":0.519213080406189},"rotation":{"x":0.13025027513504029,"y":-0.5411056876182556,"z":0.08527108281850815,"w":0.8264745473861694},"size":0.7789223790168762,"orthographic":false}