{"cameraMode":{"drawMode":0,"name":"Shaded","section":"Shading Mode"},"sceneLighting":false,"audioPlay":false,"sceneViewState":{"showFog":true,"showMaterialUpdate":false,"showSkybox":false,"showFlares":true,"showImageEffects":true,"showParticleSystems":true},"in2DMode":false,"pivot":{"x":18.618267059326173,"y":4.101476192474365,"z":15.594918251037598},"rotation":{"x":0.12251856178045273,"y":0.7133320569992065,"z":-0.128941610455513,"w":0.677962064743042},"size":2.2638463973999025,"orthographic":false}